year,Central,Northeast,NorthernRockies,Northwest,South,Southeast,Southwest,UpperMidwest,West,National
2020,7.7887531626628945,6.559484771373856,5.099441182712032,9.098172540643171,8.38917300534067,7.720450115186957,6.389413354690159,6.956190012826751,10.101209176178099,7.754756580339065
